Timestamp,AWS_Status,AWS_Latency_ms,Azure_Status,Azure_Latency_ms,GCP_Status,GCP_Latency_ms
8/26/2026 22:19,200,114.79,200,112.28,200,100.25
8/26/2026 22:19,200,90.88,200,117.66,200,95.29
8/26/2026 22:19,200,107.71,200,141.32,200,84.99
8/26/2026 22:19,200,120.71,200,154.21,200,124.05
8/26/2026 22:20,200,113.55,200,129.42,200,95.86
8/26/2026 22:20,200,123.46,200,141.82,200,109.71
8/26/2026 22:20,200,111.58,200,118.14,200,120.09
8/26/2026 22:20,200,103.99,200,140.53,200,80.55
8/26/2026 22:20,200,112.13,200,138.67,200,122.68
8/26/2026 22:20,200,100.96,200,117.13,200,113.32
8/26/2026 22:20,200,105.82,200,119.77,200,103.25
8/26/2026 22:20,200,83.53,200,109.23,200,84.68
8/26/2026 22:20,200,86.17,200,144.13,200,101.55
8/26/2026 22:20,200,108.1,200,134.17,200,117.12
8/26/2026 22:20,200,105.9,200,139.46,200,82.52
8/26/2026 22:20,200,97.18,200,118.49,200,102.54
8/26/2026 22:20,200,108.92,200,133.18,200,81.1
8/26/2026 22:20,200,133.96,200,142.57,200,106.23
8/26/2026 22:20,200,720.28,200,190.64,200,1198.25
8/26/2026 22:20,503,-1,200,1272.54,200,501.73
8/26/2026 22:21,200,2893.13,200,1477.08,200,136.09
8/26/2026 22:21,200,3979.75,200,2116.88,200,1451.14
8/26/2026 22:21,200,945.1,200,754.89,200,4689.8
8/26/2026 22:21,200,1328.27,503,-1,200,2236.76
8/26/2026 22:21,200,556.09,200,289.62,200,769.9
8/26/2026 22:21,200,184.66,200,120.95,503,-1
8/26/2026 22:21,503,-1,200,125.56,200,91.34
8/26/2026 22:22,200,387.12,200,1145.16,200,94.68
8/26/2026 22:22,200,217.82,200,160.56,200,132.23
8/26/2026 22:22,200,105.54,200,118,200,79.24
8/26/2026 22:22,503,-1,200,113.25,200,81.26
8/26/2026 22:22,503,-1,200,127.5,200,85.9
8/26/2026 22:22,503,-1,200,137.24,200,80.34
8/26/2026 22:22,503,-1,200,141.74,200,99.62
8/26/2026 22:22,503,-1,200,132.11,200,80.99
8/26/2026 22:22,503,-1,200,138.15,200,103.87
8/26/2026 22:23,503,-1,200,149.78,200,106
8/26/2026 22:23,503,-1,200,135.22,200,105.89
8/26/2026 22:23,503,-1,200,124.45,200,88.8
8/26/2026 22:23,503,-1,200,130.09,200,121.17
8/26/2026 22:23,503,-1,200,151.34,200,110.1
8/26/2026 22:23,503,-1,200,144.52,200,106.2
8/26/2026 22:23,503,-1,200,134.53,200,115.4
8/26/2026 22:24,503,-1,200,167.66,200,109.57
8/26/2026 22:24,503,-1,200,131.34,200,123.02
8/26/2026 22:24,503,-1,200,132.54,200,104.75
8/26/2026 22:24,503,-1,200,137.47,200,105.66
8/26/2026 22:24,503,-1,200,136.74,200,112.08
8/26/2026 22:24,503,-1,200,140.17,200,95.58
8/26/2026 22:24,503,-1,200,119.42,200,102.87
8/26/2026 22:24,503,-1,200,131.75,200,81.95
8/26/2026 22:25,503,-1,200,134.31,200,138.07
8/26/2026 22:25,503,-1,200,140.27,200,120.63
8/26/2026 22:25,503,-1,200,138.86,200,98.29
8/26/2026 22:25,503,-1,200,119.4,200,122.39
8/26/2026 22:25,503,-1,200,136.74,200,118.94
8/26/2026 22:25,503,-1,200,162.78,200,114.44
8/26/2026 22:25,503,-1,200,135.5,200,92.64
8/26/2026 22:26,503,-1,200,117.19,200,100.27
8/26/2026 22:26,503,-1,200,150.16,200,131.9
8/26/2026 22:26,503,-1,200,137.83,200,107.19
8/26/2026 22:26,503,-1,200,140.36,200,106.33
8/26/2026 22:26,503,-1,200,140.93,200,111.67
8/26/2026 22:26,503,-1,200,135.4,200,98.92
8/26/2026 22:26,503,-1,200,148.79,200,102.41
8/26/2026 22:26,503,-1,200,121.78,200,114.96
8/26/2026 22:27,503,-1,200,146.55,200,84.06
8/26/2026 22:27,503,-1,200,148.88,200,109.2
8/26/2026 22:27,503,-1,200,154.46,200,120.58
8/26/2026 22:27,200,2334.52,200,118.57,200,121.45
8/26/2026 22:27,200,108.66,200,132.75,200,121.81
8/26/2026 22:27,200,110.65,200,131.19,200,102.91
8/26/2026 22:27,200,108.23,200,132.4,200,116.22
8/26/2026 22:27,200,105.99,200,132.81,200,124.07
8/26/2026 22:27,200,106.23,200,141.31,200,114.56
8/26/2026 22:27,200,132.96,200,151.16,200,107.99
8/26/2026 22:27,200,90.26,200,137.76,200,105.32
8/26/2026 22:29,200,110.77,200,131.48,200,113.99
8/26/2026 22:29,200,108.44,200,133.63,200,118.12
8/26/2026 22:29,200,111.99,200,133.09,200,102.94
8/26/2026 22:29,200,109.97,200,115.1,200,98.64
8/26/2026 22:29,200,89.27,200,118.5,200,99.69
8/26/2026 22:29,200,107.27,200,141.32,200,89.16
8/26/2026 22:29,200,85.45,200,124.36,200,78.45
8/26/2026 22:29,200,111.31,200,131.45,200,97
8/26/2026 22:29,200,107.89,200,137.4,200,89.14
8/26/2026 22:29,200,105.77,200,140.13,200,89.4
8/26/2026 22:29,200,95.02,200,114.4,200,98.71
8/26/2026 22:29,200,90.68,200,116.14,200,83.91
8/26/2026 22:29,200,96.69,200,117.33,200,81.1
8/26/2026 22:30,200,124.39,200,114.97,200,97.94
8/26/2026 22:30,200,89.04,200,116.92,200,93.41
8/26/2026 22:30,200,116.74,200,121.68,200,90.46
8/26/2026 22:30,200,194.64,200,204.59,200,376.92
8/26/2026 22:30,503,-1,200,5372.26,200,84.49
8/26/2026 22:30,200,2436.27,200,1644.02,503,-1
8/26/2026 22:30,200,876.01,200,1040.58,200,1183.18
8/26/2026 22:30,200,1420.23,200,1525.22,200,409.59
8/26/2026 22:30,200,98.84,200,123.23,200,79.87
8/26/2026 22:30,200,91.46,200,110.74,200,105.1
8/26/2026 22:30,200,107.37,200,141.22,200,82.84
8/26/2026 22:31,200,85.2,200,117.7,200,101.44
8/26/2026 22:31,200,95.07,200,115.96,200,103.96
8/26/2026 22:31,200,91.92,200,128.9,200,84.05
8/26/2026 22:31,200,107.39,200,118.3,200,119.09
8/26/2026 22:31,200,103.5,200,115.91,200,81.44
8/26/2026 22:31,200,106.05,200,115.67,200,101.94
8/26/2026 22:31,200,103.41,200,141.83,200,88
8/26/2026 22:31,200,81.84,200,126.84,200,78.75
8/26/2026 22:31,200,107.67,200,131.88,200,97.4
8/26/2026 22:31,200,106.52,200,117.69,200,99.21
8/26/2026 22:31,200,107.83,200,139.08,200,110.46
8/26/2026 22:31,200,113.25,200,132.78,200,102.99
8/26/2026 22:31,200,94.75,200,131.31,200,115.71
8/26/2026 22:31,200,86.57,200,119.02,200,86.75
8/26/2026 22:31,200,84.72,200,118.03,200,87.65
8/26/2026 22:31,200,104.98,200,133.49,200,96.14
8/26/2026 22:31,200,107.61,200,133.95,200,119.9
8/26/2026 22:31,200,106.27,200,134.09,200,97.97
8/26/2026 22:32,200,110.82,200,130.96,200,123.44
8/26/2026 22:32,200,105.66,200,119.18,200,111.1
8/26/2026 22:32,200,104.1,200,119.04,200,88.79
8/26/2026 22:32,200,110.37,200,132.46,200,112.49
8/26/2026 22:32,200,123.12,200,136.26,200,111.31
8/26/2026 22:32,200,111.65,200,117.3,200,95.74
8/26/2026 22:32,200,95.18,200,131.64,200,121.61
8/26/2026 22:32,200,109.38,200,131.03,200,112.39
8/26/2026 22:32,200,83.81,200,133.28,200,103.16
8/26/2026 22:32,200,105.73,200,126.16,200,105.78
8/26/2026 22:32,200,104.32,200,142.63,200,130.99
8/26/2026 22:32,200,106.17,200,150.41,200,87.73
8/26/2026 22:32,200,101.48,503,-1,200,109.38
8/26/2026 22:32,200,86.3,503,-1,200,101.86
8/26/2026 22:32,200,106.4,503,-1,200,108.03
8/26/2026 22:33,200,107.77,503,-1,200,87.43
8/26/2026 22:33,200,107.73,503,-1,200,111.51
8/26/2026 22:33,200,85.14,503,-1,200,111.73
8/26/2026 22:33,200,92.33,503,-1,200,97.75
8/26/2026 22:33,200,93.65,503,-1,200,102.33
8/26/2026 22:33,200,109.36,503,-1,200,105.69
8/26/2026 22:33,200,106.44,503,-1,200,116
8/26/2026 22:34,200,106.98,503,-1,200,109.32
8/26/2026 22:34,200,105.8,503,-1,200,117.35
8/26/2026 22:34,200,107.27,503,-1,200,110.27
8/26/2026 22:34,200,106.81,503,-1,200,103.26
8/26/2026 22:34,200,108.54,503,-1,200,113.97
8/26/2026 22:34,200,99.23,503,-1,200,103.19
8/26/2026 22:34,200,96.66,503,-1,200,103.89
8/26/2026 22:34,200,139.62,200,182.6,200,168.75
8/26/2026 22:34,200,113.65,200,131.33,200,129.01
8/26/2026 22:34,200,107.3,200,132.34,200,97.41
8/26/2026 22:34,200,102.9,200,139.57,200,84.06
8/26/2026 22:35,200,122.36,200,141.26,200,109.72
8/26/2026 22:35,200,108.97,200,136.46,200,113.84
8/26/2026 22:35,200,82.82,200,118.45,200,109.18
8/26/2026 22:35,200,107.78,200,119.51,200,85.1
8/26/2026 22:35,200,82.93,200,125.3,200,107.58
8/26/2026 22:35,200,134.47,200,141.78,200,87.91
8/26/2026 22:35,200,102.17,200,120.26,200,87.73
8/26/2026 22:35,200,107.01,200,119.74,200,122.14
8/26/2026 22:35,200,117.08,200,133.26,200,82.67
8/26/2026 22:35,200,110.92,200,126.95,200,129.26
8/26/2026 22:35,200,103.23,200,138.67,200,88.07
8/26/2026 22:35,200,109.61,200,142.35,200,98.83
